pc4,WOZ
1011,509
1012,480
1013,471
1014,731
1015,532
1016,606
1017,734
1018,494
1019,531
1021,333
1022,321
1023,421
1024,329
1025,333
1026,794
1027,774
1028,828
1031,379
1032,369
1033,298
1034,339
1035,414
1036,566
1041,733
1042,207
1043,191
1046,468
1051,410
1052,433
1053,422
1054,570
1055,344
1056,396
1057,397
1058,479
1059,380
1060,461
1061,363
1062,293
1063,285
1064,302
1065,320
1066,435
1067,349
1068,293
1069,315
1071,1013
1072,446
1073,444
1074,465
1075,744
1076,491
1077,1183
1078,551
1079,459
1081,548
1082,492
1083,373
1086,528
1087,536
1091,441
1092,457
1093,424
1094,387
1095,375
1096,428
1097,398
1098,499
1102,214
1103,298
1104,269
1106,274
1107,275
1108,264
1109,401
1111,384
1112,335
1113,425
1114,510
1115,408
1121,467
1127,731
1131,307
1132,376
1135,373
1141,367
1145,656
1151,591
1153,749
1154,660
1156,281
1161,353
1165,397
1171,464
1175,440
1181,573
1182,636
1183,422
1184,902
1185,395
1186,386
1187,506
1188,405
1189,484
1191,578
1211,304
1212,254
1213,727
1214,365
1215,398
1216,324
1217,754
1218,401
1221,307
1222,324
1223,371
1231,523
1241,424
1243,462
1244,474
1251,793
1252,732
1261,749
1262,687
1271,400
1272,760
1273,311
1274,290
1275,301
1276,306
1277,458
1309,312
1311,295
1312,317
1313,283
1314,225
1315,234
1316,348
1317,251
1318,300
1319,458
1321,340
1323,289
1324,256
1325,308
1326,318
1328,325
1331,467
1332,432
1333,268
1334,202
1335,295
1336,339
1338,277
1339,297
1341,389
1343,618
1349,500
1351,306
1352,274
1353,220
1354,234
1355,260
1356,283
1357,270
1358,1131
1359,461
1361,447
1363,359
1381,462
1382,350
1383,382
1384,615
1391,602
1393,525
1394,467
1396,562
1398,495
1399,483
1401,596
1402,445
1403,321
1404,384
1405,910
1406,677
1411,525
1412,614
1421,339
1422,351
1423,401
1424,400
1426,501
1427,402
1428,391
1431,401
1432,502
1433,392
1435,372
1436,342
1437,456
1438,300
1441,301
1442,262
1443,260
1444,276
1445,273
1446,303
1447,354
1448,385
1451,647
1452,407
1454,575
1456,466
1458,569
1461,520
1462,411
1463,588
1464,569
1471,496
1472,494
1473,537
1474,352
1475,407
1476,470
1477,482
1481,443
1482,558
1483,352
1484,416
1485,721
1486,390
1487,295
1488,528
1489,565
1501,266
1502,273
1503,271
1504,254
1505,273
1506,325
1507,346
1508,252
1509,329
1511,411
1521,264
1525,361
1531,323
1534,422
1536,452
1541,325
1544,308
1546,457
1551,408
1561,276
1562,348
1566,366
1567,406
1601,284
1602,257
1606,317
1607,335
1608,410
1609,393
1611,292
1613,291
1614,315
1616,316
1617,336
1619,300
1621,327
1622,237
1623,346
1624,303
1625,273
1628,268
1631,363
1633,327
1634,301
1636,306
1641,287
1642,407
1643,465
1645,327
1646,466
1647,357
1648,318
1652,404
1654,396
1655,337
1657,314
1658,416
1661,365
1662,339
1663,371
1671,285
1674,328
1676,349
1678,365
1679,304
1681,390
1682,441
1683,388
1684,343
1685,380
1686,392
1687,382
1688,340
1689,296
1691,404
1692,421
1693,331
1695,356
1696,386
1697,422
1701,295
1702,272
1703,253
1704,378
1705,315
1706,363
1711,371
1713,319
1715,327
1716,292
1718,316
1719,395
1721,363
1722,352
1723,286
1724,328
1731,313
1732,380
1733,318
1734,444
1735,323
1736,410
1738,334
1741,301
1742,296
1744,353
1746,321
1747,315
1749,337
1751,317
1752,333
1753,317
1754,338
1755,318
1756,281
1757,285
1759,314
1761,275
1764,303
1766,293
1767,285
1768,397
1769,494
1771,268
1773,186
1774,320
1775,290
1777,253
1778,309
1779,246
1781,147
1782,159
1783,175
1784,166
1785,181
1786,302
1787,310
1788,234
1789,369
1791,308
1792,333
1793,372
1794,335
1795,358
1796,375
1797,334
1811,280
1812,311
1813,243
1814,272
1815,335
1816,248
1817,338
1821,278
1822,398
1823,302
1824,253
1825,226
1826,246
1827,267
1829,334
1831,289
1832,394
1834,363
1841,340
1842,446
1843,424
1844,464
1846,419
1847,492
1851,428
1852,404
1853,505
1861,667
1862,458
1865,744
1871,495
1873,395
1901,405
1902,383
1906,447
1911,361
1921,385
1931,344
1934,390
1935,356
1941,218
1942,378
1943,324
1944,273
1945,258
1946,231
1947,257
1948,423
1949,281
1951,233
1961,336
1962,283
1963,342
1964,332
1965,413
1966,243
1967,440
1968,601
1969,492
1971,284
1972,242
1973,237
1974,259
1975,243
1976,368
1981,517
1985,541
1991,398
1992,449
2011,455
2012,641
2013,474
2014,466
2015,544
2019,521
2021,371
2022,402
2023,575
2024,457
2025,341
2026,392
2031,516
2032,353
2033,347
2034,279
2035,322
2036,297
2037,264
2041,332
2042,462
2051,873
2061,908
2063,464
2064,480
2065,635
2071,472
2082,673
2101,575
2102,768
2103,531
2104,460
2105,486
2106,762
2111,1262
2114,464
2116,798
2121,515
2131,402
2132,336
2133,354
2134,398
2135,406
2136,506
2141,480
2142,509
2143,319
2144,379
2151,383
2152,402
2153,349
2154,413
2155,520
2156,389
2157,370
2158,366
2159,545
2161,368
2162,340
2163,349
2165,384
2171,378
2172,361
2181,348
2182,347
2191,383
2201,397
2202,570
2203,382
2204,715
2211,370
2212,673
2215,408
2216,399
2221,320
2222,413
2223,360
2224,353
2225,360
2231,386
2232,489
2235,419
2241,405
2242,613
2243,1448
2244,1286
2245,593
2251,433
2252,466
2253,376
2254,546
2261,389
2262,195
2263,227
2264,362
2265,388
2266,340
2267,784
2271,498
2272,392
2273,246
2274,293
2275,495
2281,437
2282,279
2283,255
2284,212
2285,305
2286,350
2287,227
2288,387
2289,406
2291,357
2292,409
2295,394
2311,436
2312,338
2313,433
2314,442
2315,273
2316,340
2317,330
2318,410
2321,265
2322,347
2323,832
2324,270
2331,353
2332,310
2333,348
2334,561
2341,553
2342,628
2343,429
2351,459
2352,312
2353,363
2355,390
2361,506
2362,496
2371,379
2374,438
2375,387
2376,416
2377,324
2381,398
2382,412
2391,376
2394,322
2396,349
2401,294
2402,250
2403,261
2404,240
2405,282
2406,314
2407,469
2408,373
2409,643
2411,327
2412,425
2415,410
2421,381
2431,421
2432,484
2435,351
2441,366
2445,449
2451,376
2461,378
2465,419
2471,439
2481,380
2491,665
2492,409
2493,449
2495,629
2496,418
2497,366
2498,492
2511,333
2512,230
2513,315
2514,528
2515,215
2516,195
2517,453
2518,352
2521,191
2522,199
2523,205
2524,226
2525,230
2526,211
2531,192
2532,178
2533,176
2541,167
2542,207
2543,189
2544,221
2545,230
2546,229
2547,213
2548,401
2551,247
2552,273
2553,383
2554,548
2555,289
2561,328
2562,245
2563,281
2564,378
2565,355
2566,629
2571,204
2572,236
2573,205
2574,215
2581,391
2582,612
2583,295
2584,356
2585,605
2586,345
2587,488
2591,230
2592,219
2593,321
2594,540
2595,338
2596,622
2597,570
2611,380
2612,311
2613,328
2614,345
2616,666
2622,283
2623,266
2624,211
2625,216
2626,853
2627,383
2628,249
2629,355
2631,447
2632,373
2635,423
2636,412
2641,376
2642,407
2643,396
2645,394
2651,394
2652,450
2661,418
2662,411
2665,392
2671,364
2672,409
2673,492
2675,378
2676,395
2678,378
2681,359
2684,259
2685,364
2691,381
2692,352
2693,418
2694,408
2711,221
2712,279
2713,243
2715,215
2716,260
2717,240
2718,307
2719,349
2721,396
2722,227
2723,265
2724,251
2725,323
2726,256
2727,272
2728,341
2729,363
2731,341
2735,449
2741,298
2742,340
2743,322
2751,373
2752,437
2761,381
2771,313
2801,275
2802,220
2803,289
2804,288
2805,283
2806,264
2807,285
2808,398
2809,451
2811,454
2821,380
2825,441
2831,290
2841,307
2851,371
2855,440
2861,374
2865,294
2871,293
2872,454
2901,348
2902,284
2903,236
2904,300
2905,222
2906,245
2907,243
2908,246
2909,372
2911,428
2912,324
2913,469
2914,300
2921,376
2922,276
2923,292
2924,347
2925,336
2926,385
2931,291
2935,327
2941,314
2951,258
2952,507
2953,249
2954,329
2957,280
2959,343
2961,277
2964,341
2965,290
2967,335
2968,416
2969,388
2971,344
2973,375
2974,383
2975,421
2977,401
2981,259
2982,238
2983,295
2984,360
2985,273
2986,294
2987,260
2988,391
2989,382
2991,353
2992,356
2993,388
2994,394
2995,331
3011,371
3012,332
3013,371
3014,273
3015,377
3016,512
3021,313
3022,285
3023,302
3024,280
3025,220
3026,212
3027,229
3028,169
3029,186
3031,272
3032,285
3033,304
3034,268
3035,267
3036,269
3037,328
3038,264
3039,331
3042,236
3043,276
3044,373
3045,600
3046,526
3047,586
3051,353
3052,279
3053,319
3054,477
3055,606
3056,435
3059,480
3061,311
3062,586
3063,281
3064,252
3065,483
3066,296
3067,236
3068,245
3069,255
3071,298
3072,317
3073,179
3074,185
3075,217
3076,200
3077,230
3078,213
3079,211
3081,167
3082,183
3083,161
3084,230
3085,203
3086,203
3087,244
3088,243
3089,240
3111,273
3112,206
3113,346
3114,219
3116,367
3117,217
3118,232
3119,210
3121,339
3122,197
3123,282
3124,368
3125,417
3131,210
3132,206
3133,248
3134,259
3135,280
3136,241
3137,280
3138,603
3141,226
3142,248
3143,263
3144,262
3145,278
3146,298
3147,500
3151,266
3155,418
3161,369
3162,390
3171,322
3172,382
3176,389
3181,230
3191,248
3192,226
3193,231
3194,247
3195,239
3201,235
3202,194
3203,215
3204,200
3205,236
3206,199
3207,290
3208,223
3209,361
3211,263
3212,295
3214,311
3216,335
3218,269
3221,276
3222,253
3223,329
3224,239
3225,215
3227,376
3231,323
3232,288
3233,445
3234,447
3235,410
3237,354
3238,314
3241,280
3243,264
3244,277
3245,262
3247,287
3248,278
3249,241
3251,271
3252,353
3253,422
3255,260
3256,256
3257,240
3258,247
3261,336
3262,301
3263,300
3264,328
3265,272
3267,276
3271,399
3273,310
3274,307
3281,327
3284,304
3286,305
3291,282
3292,266
3293,245
3295,279
3297,289
3299,361
3311,263
3312,249
3313,189
3314,192
3315,274
3316,354
3317,184
3318,204
3319,362
3328,252
3329,504
3331,235
3332,263
3333,210
3334,255
3335,306
3336,318
3341,312
3342,322
3343,293
3344,390
3351,269
3352,279
3353,239
3354,261
3355,292
3356,338
3361,288
3362,231
3363,267
3364,355
3366,376
3371,292
3372,277
3373,329
3381,412
3401,360
3402,305
3403,400
3404,362
3405,413
3411,365
3412,398
3413,336
3415,420
3417,377
3421,348
3425,543
3431,253
3432,250
3433,309
3434,297
3435,291
3436,300
3437,323
3438,323
3439,216
3441,318
3442,297
3443,313
3444,604
3445,378
3446,435
3447,276
3448,310
3449,362
3451,490
3452,490
3453,423
3454,474
3455,682
3461,351
3464,495
3465,390
3466,405
3467,433
3471,392
3474,375
3481,382
3511,479
3512,500
3513,379
3514,484
3515,394
3521,409
3522,388
3523,331
3524,307
3525,367
3526,253
3527,258
3528,611
3531,354
3532,360
3533,454
3534,391
3541,424
3542,523
3543,441
3544,455
3545,579
3546,998
3551,337
3552,346
3553,335
3554,338
3555,335
3561,264
3562,211
3563,266
3564,255
3565,405
3566,770
3571,518
3572,495
3573,437
3581,561
3582,370
3583,663
3584,376
3585,674
3601,372
3602,501
3603,534
3604,485
3605,253
3606,199
3607,331
3608,310
3611,640
3612,425
3615,539
3621,392
3625,1239
3626,421
3628,396
3631,769
3632,525
3633,477
3634,463
3641,337
3642,354
3643,394
3645,477
3646,505
3648,407
3651,684
3652,448
3653,429
3701,408
3702,393
3703,428
3704,351
3705,388
3706,232
3707,707
3708,449
3709,412
3711,449
3712,531
3721,373
3722,481
3723,641
3731,438
3732,357
3734,515
3735,1208
3737,648
3738,367
3739,601
3741,377
3742,360
3743,567
3744,317
3749,718
3751,380
3752,361
3754,563
3755,444
3761,460
3762,347
3763,431
3764,357
3765,280
3766,380
3768,555
3769,342
3771,361
3772,331
3773,374
3774,442
3775,576
3776,420
3781,387
3784,482
3785,428
3791,436
3792,533
3794,450
3811,324
3812,307
3813,318
3814,286
3815,281
3816,307
3817,422
3818,596
3819,324
3821,239
3822,348
3823,352
3824,356
3825,432
3826,413
3828,406
3829,463
3831,369
3832,502
3833,361
3834,352
3835,580
3836,656
3841,302
3842,260
3843,269
3844,281
3845,364
3846,456
3847,439
3848,353
3849,454
3851,357
3852,438
3853,351
3861,352
3862,372
3863,381
3864,462
3871,418
3881,438
3882,389
3886,486
3888,455
3891,277
3892,305
3893,321
3894,351
3896,876
3897,848
3898,875
3899,331
3901,228
3902,295
3903,327
3904,334
3905,272
3906,360
3907,414
3911,358
3912,296
3921,360
3922,543
3925,347
3927,403
3931,395
3941,451
3945,388
3947,438
3951,455
3953,471
3956,398
3958,361
3959,529
3961,330
3962,357
3971,501
3972,386
3981,454
3984,414
3985,431
3989,378
3991,449
3992,409
3993,341
3994,441
3995,310
3997,488
3998,472
3999,480
4001,211
4002,331
4003,273
4004,531
4005,248
4006,201
4007,319
4011,410
4012,383
4013,414
4014,389
4016,441
4017,820
4021,345
4023,391
4024,397
4031,394
4032,451
4033,361
4041,323
4043,303
4051,299
4053,310
4054,334
4061,378
4062,501
4063,385
4064,365
4101,313
4102,247
4103,325
4104,351
4105,340
4106,362
4107,562
4111,397
4112,399
4115,460
4116,354
4117,448
4119,419
4121,400
4122,403
4124,454
4125,458
4126,395
4128,379
4131,241
4132,338
4133,336
4141,292
4142,264
4143,324
4145,372
4147,315
4151,416
4152,400
4153,366
4155,432
4156,453
4157,392
4158,395
4161,324
4163,443
4171,342
4174,373
4175,317
4176,393
4181,326
4182,496
4184,359
4185,418
4191,331
4194,365
4196,350
4197,390
4201,244
4202,260
4203,198
4204,170
4205,242
4206,253
4207,323
4208,388
4209,371
4211,353
4212,546
4213,355
4214,307
4221,380
4223,374
4225,398
4231,352
4233,313
4235,423
4241,307
4243,407
4245,426
4247,385
4251,301
4254,338
4255,296
4261,336
4264,315
4265,327
4266,317
4267,414
4268,316
4269,420
4271,332
4273,304
4281,321
4283,298
4284,316
4285,320
4286,340
4287,367
4288,427
4301,231
4302,324
4303,368
4305,296
4306,270
4307,252
4308,281
4311,284
4315,290
4316,280
4317,390
4318,234
4321,325
4322,294
4323,354
4325,359
4326,352
4327,302
4328,444
4331,235
4332,259
4333,281
4334,237
4335,203
4336,222
4337,212
4338,256
4339,225
4341,246
4351,337
4352,350
4353,307
4354,324
4356,416
4357,465
4361,254
4363,335
4364,317
4365,298
4371,314
4373,340
4374,328
4381,169
4382,195
4383,158
4384,237
4385,199
4386,282
4387,317
4388,184
4389,315
4401,248
4411,221
4413,221
4414,267
4415,281
4416,242
4417,194
4421,297
4423,256
4424,278
4431,249
4433,239
4434,269
4435,285
4436,290
4437,232
4438,288
4441,263
4443,316
4444,318
4451,286
4453,244
4454,229
4455,256
4456,260
4458,288
4461,229
4462,251
4463,226
4464,359
4465,722
4471,261
4472,317
4474,327
4475,331
4481,307
4484,279
4485,258
4486,203
4491,223
4493,337
4494,215
4501,224
4503,284
4504,295
4505,266
4506,416
4507,217
4508,271
4511,250
4513,220
4515,257
4521,214
4522,407
4524,287
4525,513
4527,241
4528,360
4529,273
4531,146
4532,198
4533,374
4535,244
4536,169
4537,176
4538,234
4539,273
4541,164
4542,189
4543,224
4551,168
4553,233
4554,211
4561,242
4562,398
4564,242
4565,322
4566,324
4567,235
4568,241
4569,218
4571,199
4574,255
4575,311
4576,254
4581,231
4583,221
4584,251
4585,254
4586,236
4587,217
4588,249
4589,278
4611,249
4612,344
4613,266
4614,291
4615,236
4616,393
4617,330
4621,200
4622,339
4623,218
4624,227
4625,273
4631,284
4634,329
4635,339
4641,306
4645,264
4651,279
4652,342
4655,333
4661,320
4664,324
4671,269
4675,226
4681,272
4691,257
4693,232
4694,219
4695,200
4696,197
4697,215
4698,230
4701,231
4702,209
4703,196
4704,272
4705,358
4706,308
4707,236
4708,316
4709,366
4711,285
4714,336
4715,332
4721,368
4722,560
4724,311
4725,399
4726,339
4727,400
4731,259
4735,307
4741,362
4744,348
4751,323
4754,255
4756,350
4758,297
4759,323
4761,274
4762,356
4765,363
4771,320
4772,338
4781,253
4782,255
4791,262
4793,273
4794,335
4796,379
4797,300
4811,280
4812,254
4813,337
4814,255
4815,326
4816,249
4817,275
4818,473
4819,375
4822,264
4823,322
4824,274
4825,472
4826,217
4827,234
4834,357
4835,522
4836,656
4837,626
4838,534
4839,625
4841,420
4844,319
4845,384
4847,441
4849,402
4851,518
4854,490
4855,443
4856,526
4858,633
4859,533
4861,385
4871,328
4872,269
4873,333
4874,340
4875,284
4876,307
4877,390
4879,387
4881,320
4882,415
4884,313
4885,396
4891,412
4901,278
4902,280
4903,377
4904,306
4905,319
4906,372
4907,277
4908,290
4909,451
4911,525
4921,336
4924,420
4926,310
4927,340
4931,264
4941,294
4942,302
4944,364
5011,204
5012,265
5013,239
5014,234
5015,413
5017,321
5018,350
5021,219
5022,240
5025,209
5026,496
5032,457
5035,315
5036,394
5037,271
5038,233
5041,232
5042,205
5043,247
5044,222
5045,315
5046,221
5047,473
5048,726
5049,207
5051,340
5052,331
5053,407
5056,420
5057,362
5059,622
5061,327
5062,660
5063,347
5066,422
5071,398
5074,358
5076,398
5081,379
5084,426
5085,391
5087,396
5089,420
5091,405
5094,393
5095,414
5096,447
5101,258
5102,299
5103,322
5104,286
5105,485
5106,449
5107,817
5109,350
5111,349
5113,406
5114,494
5121,290
5122,315
5124,450
5125,526
5126,326
5131,369
5133,426
5141,295
5142,242
5143,324
5144,293
5145,533
5146,332
5151,330
5152,327
5154,413
5156,242
5157,409
5158,485
5161,316
5165,332
5171,306
5172,304
5175,326
5176,443
5211,381
5212,355
5213,275
5215,279
5216,358
5221,437
5222,309
5223,288
5224,244
5231,263
5232,610
5233,269
5234,321
5235,282
5236,419
5237,356
5241,382
5242,502
5243,389
5244,362
5245,415
5246,325
5247,383
5248,588
5249,555
5251,348
5252,309
5253,390
5254,441
5255,457
5256,349
5257,498
5258,403
5261,398
5262,359
5263,751
5264,620
5266,603
5268,404
5271,383
5272,305
5275,403
5281,321
5282,283
5283,311
5291,421
5292,610
5293,415
5294,587
5296,373
5298,424
5301,297
5302,325
5305,331
5306,314
5307,357
5308,303
5311,349
5313,348
5314,379
5315,405
5316,395
5317,343
5318,451
5321,355
5324,342
5325,370
5327,405
5328,347
5331,325
5333,449
5334,434
5335,333
5341,230
5342,297
5343,272
5344,231
5345,283
5346,306
5347,407
5348,227
5349,352
5351,355
5352,414
5353,449
5354,459
5355,443
5356,499
5357,392
5358,517
5359,482
5361,256
5363,428
5364,388
5366,321
5367,358
5368,382
5371,303
5373,336
5374,379
5375,396
5381,433
5382,369
5383,548
5384,359
5386,383
5388,375
5391,384
5392,413
5394,354
5395,497
5396,428
5397,339
5398,394
5401,265
5402,288
5403,311
5404,370
5405,253
5406,429
5408,363
5409,372
5411,378
5421,311
5422,343
5423,353
5424,401
5425,426
5427,341
5428,359
5431,241
5432,299
5433,378
5434,355
5435,383
5437,349
5438,363
5439,434
5441,330
5443,335
5445,368
5446,341
5447,346
5449,413
5451,317
5453,368
5454,315
5455,353
5461,282
5462,286
5463,281
5464,377
5465,447
5466,408
5467,298
5469,385
5471,486
5472,406
5473,387
5476,400
5481,354
5482,334
5491,406
5492,365
5501,283
5502,425
5503,318
5504,416
5505,343
5506,355
5507,526
5508,380
5509,432
5511,476
5512,424
5513,415
5521,376
5524,401
5525,408
5527,364
5528,420
5529,429
5531,350
5534,431
5541,361
5551,327
5552,284
5553,378
5554,327
5555,337
5556,492
5561,471
5563,391
5571,372
5575,363
5581,430
5582,436
5583,392
5591,397
5595,437
5611,338
5612,230
5613,385
5614,324
5615,358
5616,297
5617,297
5621,262
5622,269
5623,247
5624,304
5625,257
5626,493
5627,324
5628,286
5629,463
5631,404
5632,291
5633,588
5641,266
5642,279
5643,299
5644,407
5645,354
5646,435
5647,964
5651,379
5652,258
5653,275
5654,265
5655,344
5657,563
5658,422
5661,468
5662,337
5663,381
5664,293
5665,237
5666,300
5667,309
5671,395
5672,353
5673,416
5674,472
5681,556
5682,373
5683,327
5684,330
5685,422
5688,424
5689,421
5691,424
5692,417
5694,341
5701,188
5702,213
5703,196
5704,265
5705,212
5706,331
5707,324
5708,425
5709,294
5711,330
5712,363
5715,415
5721,348
5722,274
5724,509
5725,441
5731,375
5735,350
5737,375
5738,419
5741,308
5751,313
5752,452
5753,359
5754,338
5756,413
5757,352
5758,333
5759,340
5761,362
5763,378
5764,344
5766,315
5768,319
5801,256
5802,228
5803,248
5804,375
5807,300
5808,307
5809,328
5811,329
5812,356
5813,363
5814,376
5815,352
5816,382
5817,399
5821,285
5823,301
5824,347
5825,348
5826,390
5827,351
5831,272
5835,357
5836,318
5841,358
5843,359
5844,344
5845,310
5846,399
5851,293
5853,281
5854,259
5855,302
5856,316
5861,282
5862,304
5863,234
5864,289
5865,271
5866,313
5871,283
5872,298
5911,222
5912,229
5913,283
5914,207
5915,269
5916,372
5921,207
5922,178
5923,185
5924,202
5925,200
5926,390
5927,358
5928,311
5931,235
5932,195
5935,242
5941,303
5943,287
5944,320
5951,256
5953,239
5954,308
5961,286
5962,328
5963,300
5964,337
5966,305
5971,269
5973,304
5975,304
5976,307
5977,413
5981,268
5984,311
5985,314
5986,322
5987,353
5988,303
5991,298
5993,305
5995,292
6001,253
6002,283
6003,375
6004,242
6005,289
6006,274
6011,298
6012,346
6013,319
6014,265
6015,264
6017,275
6019,248
6021,316
6023,286
6024,300
6026,340
6027,395
6028,422
6029,445
6031,308
6034,334
6035,325
6037,325
6039,273
6041,270
6042,250
6043,189
6044,173
6045,208
6049,326
6051,253
6061,245
6063,243
6065,288
6067,262
6071,249
6074,264
6075,265
6077,262
6081,253
6082,290
6083,276
6085,278
6086,285
6088,297
6089,303
6091,332
6092,299
6093,271
6095,290
6096,293
6097,311
6099,286
6101,243
6102,286
6104,283
6105,328
6107,275
6109,305
6111,288
6112,312
6114,249
6116,265
6118,251
6121,255
6122,228
6123,240
6124,287
6125,247
6127,238
6129,247
6131,211
6132,310
6133,265
6134,185
6135,211
6136,198
6137,193
6141,263
6142,273
6143,249
6151,258
6153,371
6155,273
6161,168
6162,208
6163,174
6164,185
6165,198
6166,208
6167,495
6171,234
6174,345
6176,268
6181,256
6191,247
6211,280
6212,486
6213,343
6214,210
6215,236
6216,218
6217,205
6218,224
6219,220
6221,296
6222,198
6223,250
6224,210
6225,325
6226,297
6227,234
6228,243
6229,246
6231,272
6235,306
6237,294
6241,335
6243,307
6245,310
6247,310
6251,340
6252,357
6255,321
6261,333
6262,305
6265,324
6267,328
6268,392
6269,307
6271,255
6273,367
6274,335
6276,415
6277,358
6278,408
6281,286
6285,335
6286,278
6287,305
6289,328
6291,174
6294,261
6295,239
6301,262
6305,297
6307,327
6311,300
6312,304
6321,262
6325,297
6333,323
6336,293
6341,360
6342,347
6343,307
6351,205
6353,389
6361,232
6363,292
6365,268
6367,271
6369,219
6371,220
6372,202
6373,216
6374,216
6411,168
6412,151
6413,148
6414,140
6415,147
6416,224
6417,200
6418,193
6419,254
6421,170
6422,323
6431,151
6432,171
6433,173
6436,254
6438,264
6439,285
6441,168
6442,201
6443,162
6444,205
6445,187
6446,230
6447,263
6451,218
6454,256
6456,298
6461,175
6462,150
6463,148
6464,189
6465,156
6466,171
6467,197
6468,367
6469,153
6471,182
6511,289
6512,323
6515,410
6521,365
6522,516
6523,392
6524,451
6525,337
6531,350
6532,295
6533,292
6534,239
6535,217
6536,280
6537,206
6538,209
6541,306
6542,298
6543,290
6544,203
6545,246
6546,242
6551,313
6561,297
6562,289
6564,711
6566,240
6571,391
6572,328
6573,356
6574,424
6575,489
6576,293
6577,361
6578,255
6579,281
6581,345
6582,354
6584,347
6585,336
6586,445
6587,364
6591,257
6595,322
6596,344
6598,318
6599,348
6601,266
6602,352
6603,357
6604,365
6605,290
6606,431
6611,374
6612,367
6613,407
6615,455
6616,367
6617,392
6621,331
6624,318
6626,334
6627,328
6628,393
6629,363
6631,383
6634,348
6641,296
6642,426
6644,339
6645,355
6651,293
6652,353
6653,283
6654,351
6655,351
6657,346
6658,307
6659,324
6661,332
6662,342
6663,394
6665,316
6666,300
6668,329
6669,302
6671,311
6672,197
6673,334
6674,329
6675,344
6676,485
6677,385
6678,315
6681,346
6684,622
6685,313
6686,340
6687,340
6691,304
6701,320
6702,235
6703,445
6704,546
6705,814
6706,291
6707,233
6708,274
6709,193
6711,327
6712,316
6713,267
6714,215
6715,249
6716,295
6717,272
6718,401
6721,392
6731,384
6732,426
6733,419
6741,476
6744,458
6745,626
6811,228
6812,361
6813,418
6814,477
6815,353
6816,779
6821,302
6822,248
6823,229
6824,317
6825,200
6826,197
6827,214
6828,236
6831,165
6832,192
6833,221
6834,179
6835,230
6836,268
6841,217
6842,358
6843,215
6844,226
6845,237
6846,371
6851,326
6852,309
6861,398
6862,431
6865,294
6866,293
6869,383
6871,295
6874,391
6877,1965
6881,419
6882,205
6883,257
6891,614
6901,225
6902,305
6903,251
6904,225
6905,385
6909,279
6911,272
6913,358
6914,285
6915,205
6916,246
6917,214
6921,266
6922,299
6923,394
6924,398
6931,279
6932,245
6941,266
6942,254
6951,215
6952,258
6953,319
6955,384
6956,303
6957,371
6961,300
6964,428
6971,293
6974,363
6975,505
6981,254
6982,200
6983,277
6984,471
6986,346
6987,282
6988,417
6991,259
6994,327
6996,338
6997,431
6998,455
6999,342
7001,248
7002,186
7003,249
7004,340
7005,262
7006,242
7007,283
7008,348
7009,255
7011,257
7021,330
7025,361
7031,294
7035,287
7036,352
7037,280
7038,262
7039,317
7041,205
7044,354
7045,283
7046,450
7047,275
7048,388
7051,266
7054,354
7055,396
7061,232
7064,256
7065,404
7071,246
7075,310
7076,325
7077,360
7078,350
7081,256
7083,433
7084,362
7091,247
7095,360
7101,228
7102,224
7103,236
7104,360
7105,369
7106,336
7107,398
7108,375
7109,380
7113,349
7115,366
7119,380
7121,254
7122,289
7123,269
7126,236
7131,245
7132,309
7134,348
7135,286
7136,300
7137,324
7141,231
7142,362
7151,252
7152,321
7156,351
7157,399
7161,267
7165,360
7201,262
7202,312
7203,234
7204,198
7205,255
7206,213
7207,301
7211,353
7213,425
7214,507
7215,608
7216,515
7217,411
7218,408
7221,340
7223,367
7224,522
7225,359
7226,500
7227,385
7231,341
7232,277
7233,474
7234,409
7241,352
7242,254
7244,385
7245,420
7251,370
7255,330
7256,333
7261,342
7263,303
7271,273
7273,337
7274,410
7275,376
7311,241
7312,275
7313,749
7314,329
7315,352
7316,386
7317,306
7321,333
7322,265
7323,290
7324,386
7325,338
7326,244
7327,249
7328,219
7329,231
7331,229
7332,295
7333,229
7334,411
7335,275
7336,345
7339,399
7341,535
7345,559
7346,633
7348,416
7351,456
7352,526
7361,444
7364,437
7371,398
7381,429
7382,388
7383,329
7384,424
7391,342
7392,460
7395,377
7396,294
7397,437
7399,482
7411,279
7412,225
7413,222
7414,221
7415,211
7416,215
7417,191
7418,422
7419,295
7421,284
7422,241
7423,230
7424,323
7425,346
7426,325
7427,361
7428,461
7429,289
7431,432
7433,386
7434,393
7435,376
7437,370
7439,438
7441,395
7442,264
7443,319
7447,379
7448,378
7451,348
7461,299
7462,283
7463,371
7466,591
7467,508
7468,362
7471,246
7472,369
7475,354
7478,322
7481,292
7482,296
7483,380
7491,323
7495,419
7496,329
7497,351
7511,193
7512,223
7513,228
7514,277
7521,192
7522,229
7523,229
7524,459
7525,505
7531,260
7532,246
7533,211
7534,249
7535,303
7536,549
7541,246
7542,236
7543,215
7544,200
7545,206
7546,291
7547,327
7548,354
7551,234
7552,224
7553,210
7554,427
7555,258
7556,221
7557,196
7558,246
7559,364
7561,377
7562,283
7571,231
7572,254
7573,356
7574,232
7575,344
7576,242
7577,326
7581,270
7582,277
7585,356
7586,254
7587,396
7588,424
7591,295
7595,350
7596,385
7597,444
7601,181
7602,264
7603,264
7604,186
7605,142
7606,156
7607,224
7608,226
7609,267
7610,450
7611,334
7614,306
7615,374
7621,278
7622,279
7623,367
7625,382
7626,447
7627,386
7631,320
7634,364
7635,395
7636,546
7637,510
7638,493
7641,313
7642,319
7645,409
7651,324
7661,380
7662,399
7663,407
7664,403
7665,377
7666,400
7667,360
7668,425
7671,279
7672,309
7675,401
7676,243
7678,367
7679,358
7681,251
7683,319
7685,309
7686,370
7687,366
7688,386
7691,262
7692,290
7693,281
7694,264
7695,316
7696,373
7701,270
7702,302
7705,360
7707,307
7711,344
7715,377
7721,327
7722,423
7731,292
7732,449
7734,283
7735,481
7736,415
7737,410
7738,403
7739,409
7741,189
7742,226
7751,302
7753,231
7754,355
7755,349
7756,355
7761,229
7764,229
7765,239
7766,248
7771,239
7772,238
7773,326
7775,288
7776,254
7777,322
7778,370
7779,511
7781,341
7782,242
7783,241
7784,360
7785,504
7786,398
7787,415
7788,415
7791,365
7792,403
7793,327
7794,379
7795,317
7796,442
7797,379
7798,387
7811,200
7812,191
7813,318
7814,338
7815,163
7821,523
7822,255
7823,168
7824,151
7825,500
7826,267
7827,234
7828,314
7831,203
7833,228
7841,275
7842,449
7843,315
7844,198
7845,363
7846,372
7847,342
7848,234
7849,288
7851,333
7852,407
7853,324
7854,254
7855,358
7856,387
7858,354
7859,428
7861,273
7863,337
7864,341
7871,275
7872,282
7873,284
7874,344
7875,323
7876,212
7877,293
7881,204
7884,201
7885,245
7887,244
7889,318
7891,207
7892,360
7894,195
7895,256
7901,203
7902,184
7903,266
7904,177
7905,173
7906,166
7907,206
7908,257
7909,236
7910,431
7911,350
7912,285
7913,262
7914,258
7915,426
7916,248
7917,264
7918,257
7921,309
7924,363
7925,425
7926,324
7927,317
7929,345
7931,358
7932,353
7933,260
7934,317
7935,460
7936,298
7937,349
7938,252
7941,233
7942,198
7943,257
7944,264
7946,300
7948,303
7949,355
7951,309
7954,322
7955,330
7957,302
7958,335
7961,322
7963,336
7964,406
7965,518
7966,408
7971,307
7973,349
7974,294
7975,333
7981,314
7983,388
7984,362
7985,415
7986,478
7991,347
8011,295
8012,268
8013,254
8014,287
8015,358
8016,330
8017,358
8019,541
8021,201
8022,197
8023,304
8024,415
8025,357
8026,470
8028,423
8031,202
8032,270
8033,293
8034,746
8035,562
8041,412
8042,322
8043,329
8044,404
8045,521
8051,348
8052,357
8055,374
8061,264
8064,241
8066,355
8071,335
8072,315
8075,407
8076,504
8077,460
8079,354
8081,292
8082,325
8084,296
8085,371
8091,316
8094,350
8095,352
8096,331
8097,388
8101,295
8102,293
8103,331
8105,355
8106,360
8107,344
8111,319
8112,325
8121,299
8124,379
8131,323
8141,323
8144,368
8146,412
8147,435
8148,369
8151,327
8152,328
8153,414
8154,427
8161,356
8162,366
8166,445
8167,416
8171,352
8172,259
8181,343
8191,330
8193,451
8194,397
8196,435
8198,602
8211,538
8212,278
8218,611
8219,492
8221,407
8222,618
8223,199
8224,209
8225,210
8226,253
8231,229
8232,220
8233,156
8239,109
8241,542
8242,270
8243,248
8244,314
8245,340
8251,263
8252,299
8253,335
8254,201
8255,267
8256,280
8261,205
8262,222
8263,368
8264,285
8265,249
8266,320
8267,377
8271,323
8274,312
8275,399
8276,406
8277,337
8278,451
8281,272
8293,526
8294,397
8301,181
8302,294
8303,203
8304,219
8305,490
8307,278
8308,284
8309,309
8311,310
8312,310
8313,347
8314,316
8315,247
8316,274
8317,304
8321,278
8322,318
8325,233
8326,317
8331,203
8332,262
8333,291
8334,315
8335,324
8336,435
8337,370
8338,310
8339,362
8341,254
8342,403
8343,305
8344,369
8345,411
8346,578
8347,354
8351,382
8355,395
8356,270
8361,429
8362,444
8363,522
8371,264
8372,419
8373,319
8374,241
8375,252
8376,288
8377,358
8378,422
8381,284
8382,370
8383,378
8384,209
8385,337
8386,461
8387,556
8388,330
8389,356
8391,227
8392,319
8393,410
8394,361
8395,287
8396,372
8397,250
8398,387
8401,239
8403,362
8404,319
8405,337
8406,297
8407,320
8408,311
8409,321
8411,269
8412,401
8413,409
8414,284
8415,394
8421,310
8422,366
8423,313
8424,352
8425,384
8426,262
8427,370
8428,396
8431,222
8432,360
8433,255
8434,299
8435,299
8437,326
8438,597
8439,519
8441,236
8442,185
8443,245
8444,275
8445,492
8446,206
8447,233
8448,357
8449,352
8451,223
8452,434
8453,521
8454,347
8455,437
8456,330
8457,430
8458,315
8459,324
8461,313
8462,381
8463,313
8464,283
8465,310
8466,326
8467,343
8468,318
8469,283
8471,211
8472,312
8474,323
8475,384
8476,397
8477,410
8478,406
8479,390
8481,361
8482,376
8483,293
8484,284
8485,306
8486,365
8487,400
8488,375
8489,270
8491,247
8493,352
8494,423
8495,253
8497,485
8501,232
8502,346
8503,448
8505,505
8506,304
8507,351
8508,345
8511,437
8512,679
8513,260
8514,399
8515,377
8516,393
8517,268
8521,258
8522,417
8523,261
8524,637
8525,304
8526,495
8527,431
8528,680
8529,408
8531,243
8532,414
8534,430
8535,425
8536,266
8537,268
8538,359
8539,259
8541,417
8542,338
8551,285
8552,566
8553,418
8554,440
8556,269
8561,249
8563,329
8564,405
8565,346
8566,346
8567,309
8571,432
8572,360
8573,444
8574,215
8581,346
8582,273
8583,299
8584,260
8601,257
8602,204
8603,265
8604,299
8605,216
8606,200
8607,255
8608,186
8611,285
8612,423
8613,290
8614,257
8615,257
8616,342
8617,351
8618,304
8621,285
8622,264
8623,301
8624,412
8625,286
8626,382
8627,283
8628,342
8629,283
8631,453
8632,346
8633,305
8635,290
8636,321
8637,272
8641,238
8642,324
8644,309
8647,256
8651,265
8658,319
8701,205
8702,317
8711,250
8713,241
8715,241
8721,260
8722,286
8723,260
8724,352
8731,239
8732,309
8733,351
8734,244
8735,256
8736,292
8737,320
8741,353
8742,287
8743,356
8744,272
8745,314
8746,290
8747,283
8748,219
8749,239
8751,187
8752,160
8753,373
8754,230
8755,353
8756,338
8757,284
8758,405
8759,265
8761,292
8762,373
8763,284
8764,272
8765,319
8771,273
8772,351
8773,277
8774,357
8775,311
8801,195
8802,211
8804,211
8805,230
8806,209
8807,223
8808,185
8809,294
8811,208
8812,227
8813,289
8814,283
8816,309
8821,239
8822,245
8823,253
8831,216
8832,277
8833,386
8834,276
8835,250
8841,256
8842,241
8843,234
8844,391
8845,333
8851,186
8852,337
8853,386
8854,193
8855,186
8856,268
8857,235
8861,213
8862,203
8871,343
8872,217
8881,360
8882,502
8883,581
8884,424
8885,446
8891,368
8892,476
8893,478
8894,566
8895,516
8896,439
8897,474
8899,328
8911,136
8912,381
8913,246
8914,250
8915,179
8916,201
8917,226
8918,147
8919,273
8921,160
8922,129
8923,159
8924,122
8925,249
8926,191
8927,497
8931,155
8932,170
8933,177
8934,203
8935,185
8936,155
8937,82
8938,386
8939,383
8941,356
9001,253
9003,230
9004,466
9005,254
9006,476
9007,278
9008,235
9009,362
9011,233
9012,274
9013,289
9014,265
9021,236
9022,292
9023,270
9024,220
9025,326
9026,408
9027,284
9031,234
9032,292
9033,239
9034,207
9035,241
9036,222
9037,327
9038,223
9041,208
9043,231
9044,212
9045,214
9047,201
9051,243
9053,317
9054,210
9055,223
9056,248
9057,273
9061,242
9062,220
9063,284
9064,281
9067,384
9071,230
9072,182
9073,222
9074,217
9075,168
9076,196
9077,209
9078,200
9079,181
9081,226
9082,457
9083,294
9084,352
9085,330
9086,487
9087,427
9088,253
9089,250
9091,335
9101,223
9102,257
9103,305
9104,249
9105,267
9106,424
9107,380
9108,267
9109,342
9111,239
9112,290
9113,292
9114,291
9121,339
9122,351
9123,195
9124,302
9125,269
9131,231
9132,235
9133,222
9134,210
9135,234
9136,212
9137,226
9138,240
9141,169
9142,181
9143,212
9144,274
9145,206
9146,364
9147,206
9148,362
9151,193
9152,271
9153,240
9154,351
9155,262
9156,339
9161,289
9162,330
9163,313
9164,340
9166,331
9171,225
9172,193
9173,304
9174,302
9175,332
9176,283
9177,355
9178,275
9201,181
9202,168
9203,213
9204,269
9205,224
9206,369
9207,286
9211,511
9212,294
9213,561
9214,523
9215,409
9216,300
9217,317
9218,298
9219,376
9221,270
9222,309
9223,272
9231,220
9233,268
9241,296
9244,306
9245,321
9246,479
9247,283
9248,355
9249,298
9251,246
9254,227
9255,266
9256,275
9257,269
9258,272
9261,273
9262,258
9263,266
9264,280
9265,309
9269,251
9271,218
9281,236
9283,268
9284,243
9285,218
9286,227
9287,218
9288,210
9289,230
9291,230
9292,401
9293,239
9294,284
9295,267
9296,329
9297,295
9298,236
9299,254
9301,258
9302,326
9304,475
9305,353
9306,441
9307,300
9311,334
9312,353
9313,427
9314,477
9315,396
9321,358
9331,258
9333,462
9334,371
9335,513
9336,431
9337,467
9341,262
9342,285
9343,436
9351,253
9354,310
9355,426
9356,234
9359,391
9361,345
9362,303
9363,272
9364,313
9365,364
9366,353
9367,271
9401,240
9402,199
9403,271
9404,215
9405,270
9406,187
9407,197
9408,322
9409,442
9411,239
9412,300
9413,352
9414,297
9415,295
9416,238
9417,372
9418,279
9419,352
9421,238
9422,227
9423,243
9431,282
9432,367
9433,375
9434,410
9435,467
9436,336
9437,339
9438,368
9439,293
9441,355
9442,351
9443,376
9444,352
9445,465
9446,442
9447,520
9448,401
9449,361
9451,283
9452,449
9453,409
9454,375
9456,506
9457,484
9458,474
9461,283
9462,298
9463,315
9464,328
9465,395
9466,404
9467,372
9468,297
9469,443
9471,308
9472,285
9473,342
9474,334
9475,458
9479,484
9481,297
9482,331
9483,379
9484,407
9485,426
9486,478
9487,394
9488,425
9489,380
9491,351
9492,392
9493,396
9494,295
9495,503
9496,486
9497,404
9501,195
9502,203
9503,210
9511,259
9512,284
9514,209
9515,247
9521,200
9523,249
9524,281
9525,298
9526,350
9527,415
9528,304
9531,254
9533,348
9534,356
9535,366
9536,344
9537,416
9541,241
9545,256
9551,276
9561,214
9563,239
9564,195
9566,237
9571,215
9573,274
9574,286
9581,194
9584,256
9585,281
9591,249
9601,157
9602,146
9603,276
9605,245
9606,444
9607,150
9608,257
9609,219
9611,193
9613,453
9614,349
9615,222
9616,328
9617,298
9618,253
9619,252
9621,214
9622,333
9623,316
9624,395
9625,271
9626,252
9627,274
9628,222
9629,285
9631,266
9632,292
9633,281
9635,224
9636,220
9641,162
9642,165
9644,200
9645,148
9646,248
9648,215
9649,183
9651,219
9654,229
9655,312
9656,277
9657,336
9658,306
9659,209
9661,251
9663,180
9665,159
9671,194
9672,245
9673,189
9674,196
9675,208
9677,210
9678,248
9679,222
9681,216
9682,233
9684,196
9685,454
9686,183
9687,254
9688,171
9691,169
9693,144
9695,234
9696,262
9697,229
9698,265
9699,271
9711,240
9712,258
9713,212
9714,226
9715,189
9716,183
9717,256
9718,256
9721,270
9722,295
9723,318
9724,232
9725,239
9726,215
9727,274
9728,272
9731,300
9732,205
9733,188
9734,296
9735,415
9736,173
9737,191
9738,321
9741,195
9742,204
9743,196
9744,225
9745,249
9746,316
9747,309
9749,461
9751,419
9752,420
9753,305
9755,469
9756,518
9761,311
9765,348
9766,664
9771,238
9773,326
9774,264
9781,237
9784,346
9785,295
9791,231
9792,201
9793,245
9794,265
9795,237
9796,303
9797,314
9798,287
9801,281
9804,248
9805,340
9811,247
9812,286
9821,282
9822,239
9824,327
9825,387
9827,375
9828,277
9831,235
9832,295
9833,284
9842,191
9843,224
9844,220
9845,207
9851,229
9852,251
9853,195
9861,229
9862,304
9863,286
9864,251
9865,295
9866,264
9871,178
9872,255
9873,204
9881,232
9882,176
9883,212
9884,299
9885,282
9886,229
9891,203
9892,287
9893,228
9901,182
9902,171
9903,245
9904,230
9905,201
9906,156
9907,247
9908,208
9909,193
9911,219
9912,237
9913,263
9914,222
9915,188
9917,235
9918,231
9919,194
9921,210
9922,245
9923,225
9925,339
9931,149
9932,179
9933,143
9934,169
9936,141
9937,252
9939,283
9942,214
9943,212
9944,210
9945,176
9946,168
9947,192
9948,161
9949,202
9951,245
9953,187
9954,357
9955,262
9956,225
9957,294
9959,244
9961,247
9962,223
9963,216
9964,193
9965,193
9966,231
9967,201
9968,240
9969,212
9971,160
9972,249
9973,230
9974,171
9975,237
9976,170
9977,196
9978,270
9981,187
9982,192
9983,183
9984,211
9985,249
9986,226
9987,187
9988,197
9989,187
9991,187
9992,271
9993,298
9994,350
9995,182
9996,215
9997,219
9998,286
9999,270
